clean_text,category_code
서울우유,DAIRY_FRESH
매일우유,DAIRY_FRESH
남양우유,DAIRY_FRESH
연세우유,DAIRY_FRESH
목장의신선함,DAIRY_FRESH
파스퇴르쾌변,DAIRY_FRESH
파스퇴르우유,DAIRY_FRESH
덴마크드링킹요구르트,DAIRY_FRESH
요플레,DAIRY_FRESH
불가리스,DAIRY_FRESH
윌,DAIRY_FRESH
야구르트,DAIRY_FRESH
비피더스,DAIRY_FRESH
떠먹는요구르트,DAIRY_FRESH
그릭요거트,DAIRY_FRESH
저지방우유,DAIRY_FRESH
무지방우유,DAIRY_FRESH
초코우유,DAIRY_FRESH
딸기우유,DAIRY_FRESH
바나나우유,DAIRY_FRESH
커피우유,DAIRY_FRESH
멸균우유팩,DAIRY_FRESH
생크림,DAIRY_FRESH
휘핑크림,DAIRY_FRESH
사워크림,DAIRY_FRESH
서울우유버터,DAIRY_PROCESSED
매일버터,DAIRY_PROCESSED
앵커버터,DAIRY_PROCESSED
엘르앤비르버터,DAIRY_PROCESSED
매일멸균우유,DAIRY_PROCESSED
ESL우유,DAIRY_PROCESSED
상하목장유기농우유,DAIRY_PROCESSED
연유,DAIRY_PROCESSED
농축우유,DAIRY_PROCESSED
분유,DAIRY_PROCESSED
체다치즈분말,DAIRY_PROCESSED
브리치즈,SOFT_CHEESE
까망베르,SOFT_CHEESE
크림치즈,SOFT_CHEESE
필라델피아,SOFT_CHEESE
마스카포네,SOFT_CHEESE
리코타치즈,SOFT_CHEESE
모짜렐라,SOFT_CHEESE
생모짜렐라,SOFT_CHEESE
부라타,SOFT_CHEESE
고다치즈,SOFT_CHEESE
파마산치즈가루,HARD_CHEESE
체다슬라이스,HARD_CHEESE
체다치즈,HARD_CHEESE
에담치즈,HARD_CHEESE
그뤼에르,HARD_CHEESE
페코리노,HARD_CHEESE
아시아고,HARD_CHEESE
슬라이스치즈,HARD_CHEESE
피자치즈,HARD_CHEESE
국내산삼겹살,MEAT_FRESH
한우등심,MEAT_FRESH
한우안심,MEAT_FRESH
국내산목심,MEAT_FRESH
돼지목살,MEAT_FRESH
돼지앞다리,MEAT_FRESH
소불고기감,MEAT_FRESH
소갈비,MEAT_FRESH
떡갈비,MEAT_FRESH
닭가슴살,MEAT_FRESH
닭다리살,MEAT_FRESH
닭날개,MEAT_FRESH
오리훈제,MEAT_FRESH
양고기,MEAT_FRESH
돼지갈비,MEAT_FRESH
삼겹살구이용,MEAT_FRESH
목살구이용,MEAT_FRESH
의성마늘햄,MEAT_PROCESSED
스팸,MEAT_PROCESSED
롯데햄,MEAT_PROCESSED
청정원햄,MEAT_PROCESSED
사각햄,MEAT_PROCESSED
비엔나소시지,MEAT_PROCESSED
후랑크소시지,MEAT_PROCESSED
핫도그,MEAT_PROCESSED
베이컨,MEAT_PROCESSED
삼겹베이컨,MEAT_PROCESSED
육포,MEAT_PROCESSED
비프저키,MEAT_PROCESSED
불고기맛육포,MEAT_PROCESSED
치킨너겟,MEAT_PROCESSED
치킨텐더,MEAT_PROCESSED
비비고왕교자,READY_MEALS_FROZEN
냉동돈까스,READY_MEALS_FROZEN
냉동치킨너겟,READY_MEALS_FROZEN
CJ비비고만두,READY_MEALS_FROZEN
풀무원군만두,READY_MEALS_FROZEN
고기만두,READY_MEALS_FROZEN
김치만두,READY_MEALS_FROZEN
새우만두,READY_MEALS_FROZEN
왕만두,READY_MEALS_FROZEN
냉동피자,READY_MEALS_FROZEN
냉동볶음밥,READY_MEALS_FROZEN
냉동찜닭,READY_MEALS_FROZEN
냉동탕수육,READY_MEALS_FROZEN
냉동짜장면,READY_MEALS_FROZEN
냉동짬뽕,READY_MEALS_FROZEN
냉동우동,READY_MEALS_FROZEN
냉동라면,READY_MEALS_FROZEN
HMR도시락,READY_MEALS_FROZEN
냉동카레,READY_MEALS_FROZEN
계란한판,EGGS
특란,EGGS
대란,EGGS
유정란,EGGS
무항생제계란,EGGS
동물복지계란,EGGS
방사유정란,EGGS
구운계란,EGGS
훈제계란,EGGS
메추리알,EGGS
상추,LEAFY_VEGETABLES
깻잎,LEAFY_VEGETABLES
쌈채소,LEAFY_VEGETABLES
청경채,LEAFY_VEGETABLES
배추,LEAFY_VEGETABLES
알배기배추,LEAFY_VEGETABLES
쌈배추,LEAFY_VEGETABLES
양배추,LEAFY_VEGETABLES
양상추,LEAFY_VEGETABLES
치커리,LEAFY_VEGETABLES
로메인,LEAFY_VEGETABLES
적상추,LEAFY_VEGETABLES
청상추,LEAFY_VEGETABLES
케일,LEAFY_VEGETABLES
시금치,LEAFY_VEGETABLES
갓,LEAFY_VEGETABLES
열무,LEAFY_VEGETABLES
근대,LEAFY_VEGETABLES
아욱,LEAFY_VEGETABLES
미나리,LEAFY_VEGETABLES
대파,STEM_VEGETABLES
쪽파,STEM_VEGETABLES
실파,STEM_VEGETABLES
부추,STEM_VEGETABLES
양파,STEM_VEGETABLES
셀러리,STEM_VEGETABLES
브로콜리,STEM_VEGETABLES
콜리플라워,STEM_VEGETABLES
아스파라거스,STEM_VEGETABLES
죽순,STEM_VEGETABLES
햇감자,ROOT_VEGETABLES
당근,ROOT_VEGETABLES
무,ROOT_VEGETABLES
알타리무,ROOT_VEGETABLES
단무지무,ROOT_VEGETABLES
비트,ROOT_VEGETABLES
고구마,ROOT_VEGETABLES
밤고구마,ROOT_VEGETABLES
호박고구마,ROOT_VEGETABLES
자색고구마,ROOT_VEGETABLES
연근,ROOT_VEGETABLES
우엉,ROOT_VEGETABLES
생강,ROOT_VEGETABLES
마,ROOT_VEGETABLES
토란,ROOT_VEGETABLES
콩나물,SPROUTS
숙주나물,SPROUTS
새싹,SPROUTS
무순,SPROUTS
브로콜리새싹,SPROUTS
알팔파,SPROUTS
적양파순,SPROUTS
콩나물팩,SPROUTS
숙주팩,SPROUTS
오이,FRUIT_VEGETABLES
파프리카,FRUIT_VEGETABLES
피망,FRUIT_VEGETABLES
청양고추,FRUIT_VEGETABLES
꽈리고추,FRUIT_VEGETABLES
홍고추,FRUIT_VEGETABLES
애호박,FRUIT_VEGETABLES
단호박,FRUIT_VEGETABLES
늙은호박,FRUIT_VEGETABLES
가지,FRUIT_VEGETABLES
토마토,FRUIT_VEGETABLES
방울토마토,FRUIT_VEGETABLES
대추토마토,FRUIT_VEGETABLES
찰토마토,FRUIT_VEGETABLES
옥수수,FRUIT_VEGETABLES
단옥수수,FRUIT_VEGETABLES
초당옥수수,FRUIT_VEGETABLES
옥수수캔,FRUIT_VEGETABLES
새송이버섯,MUSHROOMS
느타리버섯,MUSHROOMS
양송이버섯,MUSHROOMS
표고버섯,MUSHROOMS
팽이버섯,MUSHROOMS
만가닥버섯,MUSHROOMS
목이버섯,MUSHROOMS
능이버섯,MUSHROOMS
송이버섯,MUSHROOMS
싸리버섯,MUSHROOMS
바나나,FRUIT_GENERAL
사과,FRUIT_GENERAL
배,FRUIT_GENERAL
복숭아,FRUIT_GENERAL
자두,FRUIT_GENERAL
감,FRUIT_GENERAL
단감,FRUIT_GENERAL
홍시,FRUIT_GENERAL
곶감,FRUIT_GENERAL
키위,FRUIT_GENERAL
골드키위,FRUIT_GENERAL
파인애플,FRUIT_GENERAL
망고,FRUIT_GENERAL
용과,FRUIT_GENERAL
수박,FRUIT_GENERAL
참외,FRUIT_GENERAL
멜론,FRUIT_GENERAL
포도,FRUIT_GENERAL
샤인머스캣,FRUIT_GENERAL
캠벨포도,FRUIT_GENERAL
딸기,BERRIES
블루베리,BERRIES
라즈베리,BERRIES
블랙베리,BERRIES
크랜베리,BERRIES
산딸기,BERRIES
복분자,BERRIES
아로니아,BERRIES
오디,BERRIES
체리,BERRIES
오렌지,CITRUS
레몬,CITRUS
자몽,CITRUS
한라봉,CITRUS
천혜향,CITRUS
황금향,CITRUS
귤,CITRUS
제주감귤,CITRUS
청견,CITRUS
레드향,CITRUS
라임,CITRUS
유자,CITRUS
냉동블루베리,FROZEN_FOOD
냉동딸기,FROZEN_FOOD
냉동망고,FROZEN_FOOD
냉동믹스베리,FROZEN_FOOD
냉동파인애플,FROZEN_FOOD
냉동라즈베리,FROZEN_FOOD
냉동아사이,FROZEN_FOOD
냉동감자,FROZEN_FOOD
냉동고구마,FROZEN_FOOD
냉동옥수수,FROZEN_FOOD
냉동브로콜리,FROZEN_FOOD
냉동시금치,FROZEN_FOOD
냉동완두콩,FROZEN_FOOD
냉동혼합야채,FROZEN_FOOD
고등어,FISH_FRESH
삼치,FISH_FRESH
갈치,FISH_FRESH
꽁치,FISH_FRESH
광어,FISH_FRESH
우럭,FISH_FRESH
도미,FISH_FRESH
연어,FISH_FRESH
참치,FISH_FRESH
방어,FISH_FRESH
참돔,FISH_FRESH
농어,FISH_FRESH
병어,FISH_FRESH
임연수어,FISH_FRESH
명태,FISH_FRESH
새우,MOLLUSCS_CRUSTACEANS
오징어,MOLLUSCS_CRUSTACEANS
문어,MOLLUSCS_CRUSTACEANS
낙지,MOLLUSCS_CRUSTACEANS
쭈꾸미,MOLLUSCS_CRUSTACEANS
갑오징어,MOLLUSCS_CRUSTACEANS
한치,MOLLUSCS_CRUSTACEANS
주꾸미,MOLLUSCS_CRUSTACEANS
소라,MOLLUSCS_CRUSTACEANS
전복,MOLLUSCS_CRUSTACEANS
홍합,MOLLUSCS_CRUSTACEANS
바지락,MOLLUSCS_CRUSTACEANS
모시조개,MOLLUSCS_CRUSTACEANS
키조개,MOLLUSCS_CRUSTACEANS
게,MOLLUSCS_CRUSTACEANS
대게,MOLLUSCS_CRUSTACEANS
킹크랩,MOLLUSCS_CRUSTACEANS
꽃게,MOLLUSCS_CRUSTACEANS
참게,MOLLUSCS_CRUSTACEANS
햇반,CANNED_DRY_GOODS
참치캔,CANNED_DRY_GOODS
꽁치캔,CANNED_DRY_GOODS
골뱅이,CANNED_DRY_GOODS
번데기,CANNED_DRY_GOODS
피클,CANNED_DRY_GOODS
올리브,CANNED_DRY_GOODS
병조림,CANNED_DRY_GOODS
통조림,CANNED_DRY_GOODS
과일통조림,CANNED_DRY_GOODS
복숭아통조림,CANNED_DRY_GOODS
파인애플캔,CANNED_DRY_GOODS
신라면멀티,DRIED_NOODLES
진라면,DRIED_NOODLES
팔도비빔면,DRIED_NOODLES
안성탕면,DRIED_NOODLES
짜파게티,DRIED_NOODLES
불닭볶음면,DRIED_NOODLES
너구리,DRIED_NOODLES
육개장,DRIED_NOODLES
튀김우동,DRIED_NOODLES
올리브짜파게티,DRIED_NOODLES
짜왕,DRIED_NOODLES
틈새라면,DRIED_NOODLES
참깨라면,DRIED_NOODLES
왕뚜껑,DRIED_NOODLES
컵라면,DRIED_NOODLES
생칼국수,FRESH_NOODLES
생우동,FRESH_NOODLES
생냉면,FRESH_NOODLES
생막국수,FRESH_NOODLES
물냉면사리,FRESH_NOODLES
비빔냉면사리,FRESH_NOODLES
쫄면,FRESH_NOODLES
당면,FRESH_NOODLES
떡볶이떡,FRESH_NOODLES
가래떡,FRESH_NOODLES
식빵,BREAD_GENERAL
우유식빵,BREAD_GENERAL
통밀식빵,BREAD_GENERAL
곡물식빵,BREAD_GENERAL
호밀빵,BREAD_GENERAL
베이글,BREAD_GENERAL
바게트,BREAD_GENERAL
모닝빵,BREAD_GENERAL
롤빵,BREAD_GENERAL
단팥빵,BREAD_GENERAL
소보로빵,BREAD_GENERAL
꿀빵,BREAD_GENERAL
버터롤,BREAD_GENERAL
마늘바게트,BREAD_GENERAL
크림빵,BAKERY_CREAM_SANDWICH
샌드위치,BAKERY_CREAM_SANDWICH
크림치즈샌드위치,BAKERY_CREAM_SANDWICH
햄치즈샌드위치,BAKERY_CREAM_SANDWICH
에그샌드위치,BAKERY_CREAM_SANDWICH
BLT샌드위치,BAKERY_CREAM_SANDWICH
도넛,BAKERY_CREAM_SANDWICH
크림도넛,BAKERY_CREAM_SANDWICH
초코도넛,BAKERY_CREAM_SANDWICH
케이크,BAKERY_CREAM_SANDWICH
롤케이크,BAKERY_CREAM_SANDWICH
카스테라,BAKERY_CREAM_SANDWICH
초코파이,BAKERY_CREAM_SANDWICH
마카롱,BAKERY_CREAM_SANDWICH
코카콜라,BEVERAGE_SHELF_STABLE
칠성사이다,BEVERAGE_SHELF_STABLE
펩시,BEVERAGE_SHELF_STABLE
스프라이트,BEVERAGE_SHELF_STABLE
환타,BEVERAGE_SHELF_STABLE
밀키스,BEVERAGE_SHELF_STABLE
포카리스웨트,BEVERAGE_SHELF_STABLE
게토레이,BEVERAGE_SHELF_STABLE
비타500,BEVERAGE_SHELF_STABLE
박카스,BEVERAGE_SHELF_STABLE
레드불,BEVERAGE_SHELF_STABLE
핫식스,BEVERAGE_SHELF_STABLE
몬스터,BEVERAGE_SHELF_STABLE
이온음료,BEVERAGE_SHELF_STABLE
스포츠음료,BEVERAGE_SHELF_STABLE
생수,BEVERAGE_SHELF_STABLE
탄산수,BEVERAGE_SHELF_STABLE
과일주스,BEVERAGE_SHELF_STABLE
오렌지주스,BEVERAGE_SHELF_STABLE
포도주스,BEVERAGE_SHELF_STABLE
토마토주스,BEVERAGE_SHELF_STABLE
야채주스,BEVERAGE_SHELF_STABLE
식혜,BEVERAGE_SHELF_STABLE
수정과,BEVERAGE_SHELF_STABLE
코코넛워터,BEVERAGE_SHELF_STABLE
포카칩,SNACKS
새우깡,SNACKS
ABC초콜릿,SNACKS
허니버터칩,SNACKS
야채크래커,SNACKS
오예스,SNACKS
빼빼로,SNACKS
칙촉,SNACKS
다이제,SNACKS
에이스,SNACKS
오리온초코칩,SNACKS
고래밥,SNACKS
꼬북칩,SNACKS
프링글스,SNACKS
눈을감자,SNACKS
감자깡,SNACKS
치토스,SNACKS
허쉬,SNACKS
스니커즈,SNACKS
젤리,SNACKS
마시멜로,SNACKS
하리보,SNACKS
츄파춥스,SNACKS
사탕,SNACKS
쌀,GRAINS_RICE
백미,GRAINS_RICE
현미,GRAINS_RICE
찹쌀,GRAINS_RICE
흑미,GRAINS_RICE
귀리,GRAINS_RICE
보리,GRAINS_RICE
수수,GRAINS_RICE
기장,GRAINS_RICE
차조,GRAINS_RICE
율무,GRAINS_RICE
퀴노아,GRAINS_RICE
코코넛플레이크,GRAINS_RICE
오트밀,GRAINS_RICE
시리얼,GRAINS_RICE
콘플레이크,GRAINS_RICE
그래놀라,GRAINS_RICE
케찹,SAUCES_SEASONINGS
간장,SAUCES_SEASONINGS
진간장,SAUCES_SEASONINGS
양조간장,SAUCES_SEASONINGS
국간장,SAUCES_SEASONINGS
된장,SAUCES_SEASONINGS
고추장,SAUCES_SEASONINGS
쌈장,SAUCES_SEASONINGS
초고추장,SAUCES_SEASONINGS
굴소스,SAUCES_SEASONINGS
마요네즈,SAUCES_SEASONINGS
머스타드,SAUCES_SEASONINGS
타바스코,SAUCES_SEASONINGS
올리브유,SAUCES_SEASONINGS
참기름,SAUCES_SEASONINGS
들기름,SAUCES_SEASONINGS
포도씨유,SAUCES_SEASONINGS
카놀라유,SAUCES_SEASONINGS
식용유,SAUCES_SEASONINGS
고추가루,SAUCES_SEASONINGS
후추,SAUCES_SEASONINGS
소금,SAUCES_SEASONINGS
설탕,SAUCES_SEASONINGS
백설탕,SAUCES_SEASONINGS
흑설탕,SAUCES_SEASONINGS
올리고당,SAUCES_SEASONINGS
물엿,SAUCES_SEASONINGS
매실액,SAUCES_SEASONINGS
미림,SAUCES_SEASONINGS
식초,SAUCES_SEASONINGS
현미식초,SAUCES_SEASONINGS
사과식초,SAUCES_SEASONINGS
발사믹,SAUCES_SEASONINGS
맛술,SAUCES_SEASONINGS
청주,SAUCES_SEASONINGS
다시다,SAUCES_SEASONINGS
멸치액젓,SAUCES_SEASONINGS
까나리액젓,SAUCES_SEASONINGS
새우젓,SAUCES_SEASONINGS
명란젓,SAUCES_SEASONINGS
비비고김치,PICKLED_VEGETABLES
포기김치,PICKLED_VEGETABLES
맛김치,PICKLED_VEGETABLES
총각김치,PICKLED_VEGETABLES
깍두기,PICKLED_VEGETABLES
백김치,PICKLED_VEGETABLES
열무김치,PICKLED_VEGETABLES
갓김치,PICKLED_VEGETABLES
파김치,PICKLED_VEGETABLES
오이소박이,PICKLED_VEGETABLES
동치미,PICKLED_VEGETABLES
장아찌,PICKLED_VEGETABLES
깻잎장아찌,PICKLED_VEGETABLES
고추장아찌,PICKLED_VEGETABLES
마늘장아찌,PICKLED_VEGETABLES
무장아찌,PICKLED_VEGETABLES
오이피클,PICKLED_VEGETABLES
양파피클,PICKLED_VEGETABLES
[세일]매일우유lL,DAIRY_FRESH
남양우유/봉,DAIRY_FRESH
연세우유/개,DAIRY_FRESH
목장의신선함2L,DAIRY_FRESH
파스퇴르쾌변500ml,DAIRY_FRESH
파스퇴르우츄,DAIRY_FRESH
덴마크드링킹요구르트1.2KG,DAIRY_FRESH
요플레/봉,DAIRY_FRESH
[세일]요플레1.2KG,DAIRY_FRESH
[특가]불가리스,DAIRY_FRESH
불가리스/개,DAIRY_FRESH
(행사)윌,DAIRY_FRESH
(증정)윌1.2KG,DAIRY_FRESH
야구르트1팩,DAIRY_FRESH
[세일]야구르트,DAIRY_FRESH
비피더스1L,DAIRY_FRESH
비피더스한팩,DAIRY_FRESH
[특가]떠먹는요구르트/개,DAIRY_FRESH
떠먹는요구르트대용량,DAIRY_FRESH
[세일]그릭요거트500g,DAIRY_FRESH
저지방우유1팩,DAIRY_FRESH
(증정)무지방우유1L,DAIRY_FRESH
무지방우유1팩,DAIRY_FRESH
[할]초코우유500g,DAIRY_FRESH
딸기우유1L,DAIRY_FRESH
딸기우유대용량,DAIRY_FRESH
바나나우유200ml,DAIRY_FRESH
[특가]커피우유대용량,DAIRY_FRESH
커피우유1L,DAIRY_FRESH
생크림200ml,DAIRY_FRESH
생크림대용량,DAIRY_FRESH
휘핑크림1L,DAIRY_FRESH
휘핑크림한팩,DAIRY_FRESH
셔울우유버터/박스,DAIRY_PROCESSED
(증정)앵커버터1팩,DAIRY_PROCESSED
(행사)앵커버터한팩,DAIRY_PROCESSED
엘르앤비르버터1.2KG,DAIRY_PROCESSED
7-SELECT)엘르앤비르버터한팩,DAIRY_PROCESSED
ESL우유/박스,DAIRY_PROCESSED
ESL욱츄,DAIRY_PROCESSED
*상하목장유기농우유2L,DAIRY_PROCESSED
7-SELECT)상하목장유기농우유500g,DAIRY_PROCESSED
(PB)연유한팩,DAIRY_PROCESSED
연유/박스,DAIRY_PROCESSED
농축우유대용량,DAIRY_PROCESSED
*농축우유/개,DAIRY_PROCESSED
[세일]분유,DAIRY_PROCESSED
(PB)체다치즈분말1L,DAIRY_PROCESSED
(행사)까망베르,SOFT_CHEESE
[특가]까망베르,SOFT_CHEESE
크림치즈*2개,SOFT_CHEESE
7-SELECT)필라델피아,SOFT_CHEESE
마스카포네2L,SOFT_CHEESE
리코타치즈*2개,SOFT_CHEESE
모짜렐라500g,SOFT_CHEESE
(PB)모짜렐라,SOFT_CHEESE
생모짜렐라1팩,SOFT_CHEESE
생모짜렐라500g,SOFT_CHEESE
부라타1.2KG,SOFT_CHEESE
부라타20Oml,SOFT_CHEESE
*고다치즈1L,SOFT_CHEESE
파마산치즈가루1팩,HARD_CHEESE
파마산치즈가루1.2KG,HARD_CHEESE
7-SELECT)체다슬라이스/개,HARD_CHEESE
7-SELECT)체다슬라이스/봉,HARD_CHEESE
*체다치즈한팩,HARD_CHEESE
[특가]에담치즈1팩,HARD_CHEESE
그뤼에르1팩,HARD_CHEESE
페코리노1KG,HARD_CHEESE
슬라이스치즈2L,HARD_CHEESE
[세일]피자치즈/박스,HARD_CHEESE
(증정)한우등심500ml,MEAT_FRESH
(PB)한우등심1KG,MEAT_FRESH
(PB)한우안심,MEAT_FRESH
[할]돼지목살,MEAT_FRESH
(행사)돼지앞다리2L,MEAT_FRESH
돼지앞다리*2개,MEAT_FRESH
*소불고기감,MEAT_FRESH
*소갈비500ml,MEAT_FRESH
(증정)떡갈비,MEAT_FRESH
*닭가슴살,MEAT_FRESH
닭다리살한팩,MEAT_FRESH
[할]닭다리살,MEAT_FRESH
*닭날개,MEAT_FRESH
닭날개1L,MEAT_FRESH
오리훈제/봉,MEAT_FRESH
(행사)양고기,MEAT_FRESH
[할]돼지갈비,MEAT_FRESH
돼지갈비/봉,MEAT_FRESH
삼겹살구이용1L,MEAT_FRESH
삼겹살구이용200ml,MEAT_FRESH
(증정)목살구이용,MEAT_FRESH
*목살구이용,MEAT_FRESH
*의성마늘햄1L,MEAT_PROCESSED
[세일]의성마늘햄대용량,MEAT_PROCESSED
스팸/박스,MEAT_PROCESSED
스팸한팩,MEAT_PROCESSED
[세일]롯데햄2L,MEAT_PROCESSED
롯데햄1KG,MEAT_PROCESSED
[특가]청정원햄,MEAT_PROCESSED
7-SELECT)청정원햄,MEAT_PROCESSED
비엔나소시지/개,MEAT_PROCESSED
7-SELECT)후랑크소시지,MEAT_PROCESSED
[세일]핫도그/봉,MEAT_PROCESSED
베이컨1KG,MEAT_PROCESSED
삼겹베이컨1팩,MEAT_PROCESSED
삼겹베이컨/개,MEAT_PROCESSED
비프저키1KG,MEAT_PROCESSED
비프저키대용량,MEAT_PROCESSED
치킨너겟/봉,MEAT_PROCESSED
치킨너겟l.2KG,MEAT_PROCESSED
치킨텐더한팩,MEAT_PROCESSED
(증정)치킨텐더,MEAT_PROCESSED
(행사)비비고왕교자500ml,READY_MEALS_FROZEN
냉동돈까스대용량,READY_MEALS_FROZEN
(증정)냉동치킨너겟,READY_MEALS_FROZEN
냉동치킨너겟/봉,READY_MEALS_FROZEN
(행사)CJ비비고만두,READY_MEALS_FROZEN
(증정)풀무원군만두대용량,READY_MEALS_FROZEN
[세일]고기만두500ml,READY_MEALS_FROZEN
김치만두500g,READY_MEALS_FROZEN
새우만두1팩,READY_MEALS_FROZEN
새우만두200ml,READY_MEALS_FROZEN
왕만두대용량,READY_MEALS_FROZEN
(증정)냉동피자/봉,READY_MEALS_FROZEN
(증정)냉동피자,READY_MEALS_FROZEN
냉동볶음밥/박스,READY_MEALS_FROZEN
[특가]냉동볶음밥한팩,READY_MEALS_FROZEN
냉동찜닭200ml,READY_MEALS_FROZEN
냉동탕수육2L,READY_MEALS_FROZEN
냉동탕수육1팩,READY_MEALS_FROZEN
냉동짜장면/개,READY_MEALS_FROZEN
냉동짬뽕*2개,READY_MEALS_FROZEN
냉동짬뽕500ml,READY_MEALS_FROZEN
(행사)냉동우동,READY_MEALS_FROZEN
냉동우동l팩,READY_MEALS_FROZEN
냉동라면500ml,READY_MEALS_FROZEN
HMR도시락1.2KG,READY_MEALS_FROZEN
[할]HMR도시락,READY_MEALS_FROZEN
냉동카레/개,READY_MEALS_FROZEN
*계란한판,EGGS
계란한판2L,EGGS
대란*2개,EGGS
유정란1.2KG,EGGS
츄정란,EGGS
무항생제계란*2개,EGGS
동물복지계란1팩,EGGS
방사유정란500g,EGGS
[할]방사유정란,EGGS
구운계란2L,EGGS
훈제계란500g,EGGS
(PB)메추리알1.2KG,EGGS
상추2L,LEAFY_VEGETABLES
7-SELECT)깻잎,LEAFY_VEGETABLES
[특가]쌈채소,LEAFY_VEGETABLES
쌈채소1팩,LEAFY_VEGETABLES
청경채1KG,LEAFY_VEGETABLES
청경채1팩,LEAFY_VEGETABLES
(행사)배추,LEAFY_VEGETABLES
(증정)알배기배추2L,LEAFY_VEGETABLES
알배기배추한팩,LEAFY_VEGETABLES
7-SELECT)쌈배추500g,LEAFY_VEGETABLES
쌈배추1팩,LEAFY_VEGETABLES
양상추1팩,LEAFY_VEGETABLES
양상추1.2KG,LEAFY_VEGETABLES
치커리1팩,LEAFY_VEGETABLES
[할]치커리,LEAFY_VEGETABLES
로메인/박스,LEAFY_VEGETABLES
[특가]적상추,LEAFY_VEGETABLES
청상추1팩,LEAFY_VEGETABLES
[특가]케일,LEAFY_VEGETABLES
(PB)케일,LEAFY_VEGETABLES
시금치200ml,LEAFY_VEGETABLES
갓한팩,LEAFY_VEGETABLES
열무/개,LEAFY_VEGETABLES
열무2L,LEAFY_VEGETABLES
아욱500g,LEAFY_VEGETABLES
아욱/박스,LEAFY_VEGETABLES
[세일]미나리,LEAFY_VEGETABLES
(PB)대파500g,STEM_VEGETABLES
대파1.2KG,STEM_VEGETABLES
(PB)쪽파,STEM_VEGETABLES
실파1팩,STEM_VEGETABLES
부추500g,STEM_VEGETABLES
*양파/봉,STEM_VEGETABLES
[세일]양파1팩,STEM_VEGETABLES
셀러리2L,STEM_VEGETABLES
브로콜리1.2KG,STEM_VEGETABLES
콜리플라워1L,STEM_VEGETABLES
콜리플라워1.2KG,STEM_VEGETABLES
(증정)죽순/박스,STEM_VEGETABLES
7-SELECT)햇감자,ROOT_VEGETABLES
당근1팩,ROOT_VEGETABLES
당근2L,ROOT_VEGETABLES
알타리무1.2KG,ROOT_VEGETABLES
알타리무500ml,ROOT_VEGETABLES
단무지무한팩,ROOT_VEGETABLES
단무지무*2개,ROOT_VEGETABLES
(증정)비트,ROOT_VEGETABLES
비트/개,ROOT_VEGETABLES
(행사)고구마200ml,ROOT_VEGETABLES
고구마대용량,ROOT_VEGETABLES
밤고구마1.2KG,ROOT_VEGETABLES
호박고구마1팩,ROOT_VEGETABLES
호박고구마200ml,ROOT_VEGETABLES
(PB)자색고구마,ROOT_VEGETABLES
[할]자색고구마,ROOT_VEGETABLES
연근500g,ROOT_VEGETABLES
우엉1팩,ROOT_VEGETABLES
7-SELECT)마,ROOT_VEGETABLES
[세일]마1팩,ROOT_VEGETABLES
토란2L,ROOT_VEGETABLES
콩나물200ml,SPROUTS
[특가]콩나물500g,SPROUTS
숙주나물한팩,SPROUTS
새싹1.2KG,SPROUTS
(행사)무순,SPROUTS
무순1.2KG,SPROUTS
(행사)브로콜리새싹500g,SPROUTS
알팔파대용량,SPROUTS
(PB)적양파순1팩,SPROUTS
적양파순1.2KG,SPROUTS
콩나물팩/개,SPROUTS
숙주팩500ml,SPROUTS
(PB)숙주팩,SPROUTS
[세일]오이2L,FRUIT_VEGETABLES
(행사)오이,FRUIT_VEGETABLES
(PB)파프리카*2개,FRUIT_VEGETABLES
(행사)피망,FRUIT_VEGETABLES
피망2L,FRUIT_VEGETABLES
청양고추/박스,FRUIT_VEGETABLES
[특가]청양고추,FRUIT_VEGETABLES
꽈리고추1.2KG,FRUIT_VEGETABLES
(PB)홍고추,FRUIT_VEGETABLES
애호박/봉,FRUIT_VEGETABLES
단호박500ml,FRUIT_VEGETABLES
(PB)늙은호박,FRUIT_VEGETABLES
(PB)늙은호박1팩,FRUIT_VEGETABLES
[특가]토마토대용량,FRUIT_VEGETABLES
(PB)토마토,FRUIT_VEGETABLES
[특가]방울토마토,FRUIT_VEGETABLES
(행사)방울토마토,FRUIT_VEGETABLES
[세일]대추토마토,FRUIT_VEGETABLES
7-SELECT)찰토마토/개,FRUIT_VEGETABLES
찰토마토1KG,FRUIT_VEGETABLES
옥수수1.2KG,FRUIT_VEGETABLES
단옥수수1팩,FRUIT_VEGETABLES
[특가]초당옥수수,FRUIT_VEGETABLES
옥수수캔대용량,FRUIT_VEGETABLES
[세일]옥수수캔500g,FRUIT_VEGETABLES
새송이버섯/개,MUSHROOMS
(행사)새송이버섯/봉,MUSHROOMS
느타리버섯2L,MUSHROOMS
(PB)양송이버섯500ml,MUSHROOMS
양송이버섯1L,MUSHROOMS
[특가]표고버섯한팩,MUSHROOMS
팽이버섯대용량,MUSHROOMS
목이버섯*2개,MUSHROOMS
목이버섯500g,MUSHROOMS
송이버섯1팩,MUSHROOMS
*바나나,FRUIT_GENERAL
사과2L,FRUIT_GENERAL
배대용량,FRUIT_GENERAL
배한팩,FRUIT_GENERAL
(행사)복숭아*2개,FRUIT_GENERAL
[특가]복숭아,FRUIT_GENERAL
(PB)자두,FRUIT_GENERAL
감2L,FRUIT_GENERAL
감/박스,FRUIT_GENERAL
단감1KG,FRUIT_GENERAL
홍시500g,FRUIT_GENERAL
곶감500ml,FRUIT_GENERAL
키위1L,FRUIT_GENERAL
(PB)골드키위1.2KG,FRUIT_GENERAL
7-SELECT)파인애플500ml,FRUIT_GENERAL
*파인애플/개,FRUIT_GENERAL
망고대용량,FRUIT_GENERAL
*망고,FRUIT_GENERAL
[특가]용과,FRUIT_GENERAL
수박1KG,FRUIT_GENERAL
수박1L,FRUIT_GENERAL
(행사)참외500g,FRUIT_GENERAL
참외1L,FRUIT_GENERAL
7-SELECT)멜론1.2KG,FRUIT_GENERAL
*포도,FRUIT_GENERAL
(증정)포도,FRUIT_GENERAL
샤인머스캣500ml,FRUIT_GENERAL
샤인머스캣1팩,FRUIT_GENERAL
캠벨포도대용량,FRUIT_GENERAL
[할]딸기,BERRIES
[세일]블루베리2L,BERRIES
(행사)블랙베리500g,BERRIES
블랙베리1팩,BERRIES
산딸기1.2KG,BERRIES
복분자2L,BERRIES
아로니아1L,BERRIES
(행사)오디,BERRIES
체리2L,BERRIES
(PB)레몬,CITRUS
(증정)레몬,CITRUS
(PB)자몽,CITRUS
*자몽/봉,CITRUS
한라봉200ml,CITRUS
한라봉/박스,CITRUS
[할]천혜향2L,CITRUS
황금향*2개,CITRUS
황금향1팩,CITRUS
7-SELECT)귤,CITRUS
귤/개,CITRUS
제주감귤대용량,CITRUS
[세일]청견,CITRUS
(PB)청견,CITRUS
7-SELECT)레드향,CITRUS
[특가]레드향,CITRUS
[특가]유자,CITRUS
유자1KG,CITRUS
*냉동블루베리,FROZEN_FOOD
냉동딸기/개,FROZEN_FOOD
냉동망고/개,FROZEN_FOOD
(PB)냉동망고,FROZEN_FOOD
냉동믹스베리1KG,FROZEN_FOOD
(PB)냉동믹스베리1팩,FROZEN_FOOD
*냉동파인애플1KG,FROZEN_FOOD
냉동파인애플/봉,FROZEN_FOOD
[할]냉동라즈베리,FROZEN_FOOD
냉동아사이200ml,FROZEN_FOOD
냉동감자/개,FROZEN_FOOD
냉동감자1L,FROZEN_FOOD
냉동고구마한팩,FROZEN_FOOD
7-SELECT)냉동고구마500ml,FROZEN_FOOD
[특가]냉동옥수수한팩,FROZEN_FOOD
냉동옥수수/봉,FROZEN_FOOD
냉동시금치한팩,FROZEN_FOOD
냉동완두콩1L,FROZEN_FOOD
냉동혼합야채/개,FROZEN_FOOD
[특가]냉동혼합야채,FROZEN_FOOD
고등어1KG,FISH_FRESH
삼치한팩,FISH_FRESH
[특가]갈치1.2KG,FISH_FRESH
(행사)갈치500g,FISH_FRESH
*꽁치,FISH_FRESH
꽁치2L,FISH_FRESH
[세일]광어1.2KG,FISH_FRESH
7-SELECT)우럭,FISH_FRESH
도미200ml,FISH_FRESH
연어대용량,FISH_FRESH
참돔500ml,FISH_FRESH
[특가]병어,FISH_FRESH
(행사)임연수어,FISH_FRESH
명태대용량,FISH_FRESH
(증정)새우1L,MOLLUSCS_CRUSTACEANS
(행사)오징어/박스,MOLLUSCS_CRUSTACEANS
(PB)오징어500ml,MOLLUSCS_CRUSTACEANS
문어/개,MOLLUSCS_CRUSTACEANS
(PB)낙지,MOLLUSCS_CRUSTACEANS
(증정)낙지한팩,MOLLUSCS_CRUSTACEANS
(증정)쭈꾸미1KG,MOLLUSCS_CRUSTACEANS
갑오징어/봉,MOLLUSCS_CRUSTACEANS
(증정)한치,MOLLUSCS_CRUSTACEANS
[특가]한치,MOLLUSCS_CRUSTACEANS
[세일]주꾸미,MOLLUSCS_CRUSTACEANS
(증정)소라,MOLLUSCS_CRUSTACEANS
[특가]전복/봉,MOLLUSCS_CRUSTACEANS
(행사)홍합/개,MOLLUSCS_CRUSTACEANS
홍합/개,MOLLUSCS_CRUSTACEANS
바지락500ml,MOLLUSCS_CRUSTACEANS
모시조개/박스,MOLLUSCS_CRUSTACEANS
(행사)모시조개,MOLLUSCS_CRUSTACEANS
게1KG,MOLLUSCS_CRUSTACEANS
게대용량,MOLLUSCS_CRUSTACEANS
대게2L,MOLLUSCS_CRUSTACEANS
(증정)대게,MOLLUSCS_CRUSTACEANS
7-SELECT)킹크랩/박스,MOLLUSCS_CRUSTACEANS
킹크랩*2개,MOLLUSCS_CRUSTACEANS
7-SELECT)참게,MOLLUSCS_CRUSTACEANS
*햇반200ml,CANNED_DRY_GOODS
(증정)참치캔/봉,CANNED_DRY_GOODS
(PB)꽁치캔/개,CANNED_DRY_GOODS
꽁치캔1KG,CANNED_DRY_GOODS
골뱅이*2개,CANNED_DRY_GOODS
[할]골뱅이,CANNED_DRY_GOODS
번데기*2개,CANNED_DRY_GOODS
옥수수캔*2개,CANNED_DRY_GOODS
(행사)피클,CANNED_DRY_GOODS
올리브1팩,CANNED_DRY_GOODS
(증정)올리브,CANNED_DRY_GOODS
(증정)병조림200ml,CANNED_DRY_GOODS
통조림1KG,CANNED_DRY_GOODS
통조림5O0g,CANNED_DRY_GOODS
(행사)과일통조림,CANNED_DRY_GOODS
7-SELECT)복숭아통조림2L,CANNED_DRY_GOODS
복숭아통조림2L,CANNED_DRY_GOODS
(행사)파인애플캔,CANNED_DRY_GOODS
신라면멀티1L,DRIED_NOODLES
진라면한팩,DRIED_NOODLES
(PB)팔도비빔면*2개,DRIED_NOODLES
7-SELECT)팔도비빔면200ml,DRIED_NOODLES
짜파게티200ml,DRIED_NOODLES
짜파게티1팩,DRIED_NOODLES
너구리/봉,DRIED_NOODLES
(증정)육개장,DRIED_NOODLES
(PB)튀김우동,DRIED_NOODLES
올리브짜파게티500g,DRIED_NOODLES
[특가]짜왕,DRIED_NOODLES
(증정)짜왕,DRIED_NOODLES
틈새라면/개,DRIED_NOODLES
참깨라면1.2KG,DRIED_NOODLES
참깨라면1팩,DRIED_NOODLES
(증정)왕뚜껑500g,DRIED_NOODLES
(PB)왕뚜껑,DRIED_NOODLES
[세일]컵라면,DRIED_NOODLES
7-SELECT)생칼국수1팩,FRESH_NOODLES
*생칼국수,FRESH_NOODLES
[할]생우동2L,FRESH_NOODLES
[특가]생막국수,FRESH_NOODLES
생막국수/봉,FRESH_NOODLES
물냉면사리2L,FRESH_NOODLES
(PB)비빔냉면사리500ml,FRESH_NOODLES
비빔냉면사리2L,FRESH_NOODLES
*쫄면/박스,FRESH_NOODLES
(PB)당면/개,FRESH_NOODLES
떡볶이떡대용량,FRESH_NOODLES
*떡볶이떡200ml,FRESH_NOODLES
가래떡500ml,FRESH_NOODLES
(증정)우유식빵,BREAD_GENERAL
*통밀식빵,BREAD_GENERAL
통밀식빵한팩,BREAD_GENERAL
7-SELECT)곡물식빵,BREAD_GENERAL
[특가]곡물식빵,BREAD_GENERAL
[할]베이글,BREAD_GENERAL
바게트1KG,BREAD_GENERAL
모닝빵500g,BREAD_GENERAL
모닝빵/봉,BREAD_GENERAL
*롤빵,BREAD_GENERAL
(PB)롤빵,BREAD_GENERAL
(행사)단팥빵1팩,BREAD_GENERAL
[세일]단팥빵200ml,BREAD_GENERAL
[세일]소보로빵,BREAD_GENERAL
꿀빵200ml,BREAD_GENERAL
[세일]꿀빵대용량,BREAD_GENERAL
(PB)마늘바게트,BREAD_GENERAL
[할]크림빵,BAKERY_CREAM_SANDWICH
(PB)크림빵대용량,BAKERY_CREAM_SANDWICH
(행사)샌드위치*2개,BAKERY_CREAM_SANDWICH
크림치즈샌드위치*2개,BAKERY_CREAM_SANDWICH
7-SELECT)햄치즈샌드위치200ml,BAKERY_CREAM_SANDWICH
햄치즈샌드위치500ml,BAKERY_CREAM_SANDWICH
(PB)에그샌드위치1팩,BAKERY_CREAM_SANDWICH
(PB)에그샌드위치,BAKERY_CREAM_SANDWICH
BLT샌드위치/박스,BAKERY_CREAM_SANDWICH
도넛1.2KG,BAKERY_CREAM_SANDWICH
도넛1L,BAKERY_CREAM_SANDWICH
[세일]초코도넛대용량,BAKERY_CREAM_SANDWICH
[할]케이크/봉,BAKERY_CREAM_SANDWICH
롤케이크/봉,BAKERY_CREAM_SANDWICH
초코파이500ml,BAKERY_CREAM_SANDWICH
초코파이*2개,BAKERY_CREAM_SANDWICH
(증정)코카콜라,BEVERAGE_SHELF_STABLE
코카콜라*2개,BEVERAGE_SHELF_STABLE
칠성사이다1팩,BEVERAGE_SHELF_STABLE
환타2L,BEVERAGE_SHELF_STABLE
밀키스/박스,BEVERAGE_SHELF_STABLE
포카리스웨트*2개,BEVERAGE_SHELF_STABLE
게토레이*2개,BEVERAGE_SHELF_STABLE
박카스한팩,BEVERAGE_SHELF_STABLE
[특가]레드불,BEVERAGE_SHELF_STABLE
핫식스1L,BEVERAGE_SHELF_STABLE
(행사)몬스터,BEVERAGE_SHELF_STABLE
[할]몬스터500g,BEVERAGE_SHELF_STABLE
(행사)이온음료대용량,BEVERAGE_SHELF_STABLE
이온음료1KG,BEVERAGE_SHELF_STABLE
탄산수/개,BEVERAGE_SHELF_STABLE
탄산수/박스,BEVERAGE_SHELF_STABLE
[특가]과일주스*2개,BEVERAGE_SHELF_STABLE
[세일]오렌지주스,BEVERAGE_SHELF_STABLE
포도주스1팩,BEVERAGE_SHELF_STABLE
포도주스500g,BEVERAGE_SHELF_STABLE
7-SELECT)토마토주스대용량,BEVERAGE_SHELF_STABLE
식혜1팩,BEVERAGE_SHELF_STABLE
코코넛워터500ml,BEVERAGE_SHELF_STABLE
[세일]코코넛워터*2개,BEVERAGE_SHELF_STABLE
[세일]새우깡,SNACKS
새우깡/개,SNACKS
[세일]ABC초콜릿대용량,SNACKS
(PB)ABC초콜릿,SNACKS
(PB)허니버터칩,SNACKS
7-SELECT)야채크래커,SNACKS
[할]야채크래커,SNACKS
초코파이1팩,SNACKS
(행사)오예스,SNACKS
칙촉*2개,SNACKS
칙촉/봉,SNACKS
(PB)다이제,SNACKS
*다이제,SNACKS
[할]에이스,SNACKS
(증정)오리온초코칩500ml,SNACKS
고래밥1L,SNACKS
꼬북칩1팩,SNACKS
프링글스*2개,SNACKS
눈을감자*2개,SNACKS
눈을감자1KG,SNACKS
감자깡한팩,SNACKS
치토스/봉,SNACKS
허쉬200ml,SNACKS
스니커즈/개,SNACKS
(증정)젤리대용량,SNACKS
마시멜로1L,SNACKS
(PB)하리보,SNACKS
츄파춥스1팩,SNACKS
*츄파춥스대용량,SNACKS
(PB)사탕*2개,SNACKS
사탕1팩,SNACKS
7-SELECT)백미,GRAINS_RICE
현미1팩,GRAINS_RICE
찹쌀1.2KG,GRAINS_RICE
(증정)흑미20Oml,GRAINS_RICE
[할]귀리1L,GRAINS_RICE
보리1팩,GRAINS_RICE
보리500g,GRAINS_RICE
[특가]기장1L,GRAINS_RICE
[세일]차조,GRAINS_RICE
율무1KG,GRAINS_RICE
[세일]퀴노아/봉,GRAINS_RICE
[할]코코넛플레이크2L,GRAINS_RICE
코코넛플레이크1KG,GRAINS_RICE
오트밀1.2KG,GRAINS_RICE
오트밀500g,GRAINS_RICE
시리얼1.2KG,GRAINS_RICE
콘플레이크한팩,GRAINS_RICE
그래놀라500g,GRAINS_RICE
[할]그래놀라,GRAINS_RICE
(증정)간장*2개,SAUCES_SEASONINGS
[특가]진간장,SAUCES_SEASONINGS
양조간장1L,SAUCES_SEASONINGS
국간장/개,SAUCES_SEASONINGS
국간장1팩,SAUCES_SEASONINGS
된장1.2KG,SAUCES_SEASONINGS
고추장/개,SAUCES_SEASONINGS
고추장500ml,SAUCES_SEASONINGS
쌈장1KG,SAUCES_SEASONINGS
쌈장500g,SAUCES_SEASONINGS
[할]초고추장,SAUCES_SEASONINGS
(PB)굴소스2L,SAUCES_SEASONINGS
굴소스대용량,SAUCES_SEASONINGS
마요네즈/박스,SAUCES_SEASONINGS
머스타드1팩,SAUCES_SEASONINGS
[특가]타바스코2L,SAUCES_SEASONINGS
올리브유/박스,SAUCES_SEASONINGS
7-SELECT)참기름1.2KG,SAUCES_SEASONINGS
참기름2L,SAUCES_SEASONINGS
[특가]들기름,SAUCES_SEASONINGS
(행사)들기름,SAUCES_SEASONINGS
포도씨유한팩,SAUCES_SEASONINGS
식용유/박스,SAUCES_SEASONINGS
고추가루2L,SAUCES_SEASONINGS
후추한팩,SAUCES_SEASONINGS
*소금한팩,SAUCES_SEASONINGS
백설탕/박스,SAUCES_SEASONINGS
[할]흑설탕/봉,SAUCES_SEASONINGS
(PB)올리고당,SAUCES_SEASONINGS
물엿200ml,SAUCES_SEASONINGS
매실액1.2KG,SAUCES_SEASONINGS
미림한팩,SAUCES_SEASONINGS
식초1L,SAUCES_SEASONINGS
사과식초1KG,SAUCES_SEASONINGS
[할]사과식초,SAUCES_SEASONINGS
7-SELECT)발사믹,SAUCES_SEASONINGS
[할]발사믹200ml,SAUCES_SEASONINGS
맛술/개,SAUCES_SEASONINGS
청주/박스,SAUCES_SEASONINGS
*청주,SAUCES_SEASONINGS
다시다500g,SAUCES_SEASONINGS
[특가]멸치액젓1KG,SAUCES_SEASONINGS
(행사)멸치액젓500g,SAUCES_SEASONINGS
까나리액젓500ml,SAUCES_SEASONINGS
[할]새우젓,SAUCES_SEASONINGS
비비고김치한팩,PICKLED_VEGETABLES
[특가]깍두기500ml,PICKLED_VEGETABLES
백김치1.2KG,PICKLED_VEGETABLES
(행사)백김치1.2KG,PICKLED_VEGETABLES
열무김치1팩,PICKLED_VEGETABLES
열무김치/개,PICKLED_VEGETABLES
파김치1팩,PICKLED_VEGETABLES
동치미500g,PICKLED_VEGETABLES
[세일]동치미1KG,PICKLED_VEGETABLES
장아찌*2개,PICKLED_VEGETABLES
마늘장아찌/개,PICKLED_VEGETABLES
마늘장아찌l.2KG,PICKLED_VEGETABLES
무장아찌*2개,PICKLED_VEGETABLES
무장아찌1.2KG,PICKLED_VEGETABLES
피클2L,PICKLED_VEGETABLES
오이피클/봉,PICKLED_VEGETABLES
양파피클/봉,PICKLED_VEGETABLES
양파피클1KG,PICKLED_VEGETABLES
고양이캔,ETC
(PB)고양이캔,ETC
[세일]고양이캔,ETC
*2개고양이캔,ETC
고양이캔대용량,ETC
고양이캔특가,ETC
강아지사료,ETC
(PB)강아지사료,ETC
[세일]강아지사료,ETC
*2개강아지사료,ETC
고양이건사료,ETC
(PB)고양이건사료,ETC
[세일]고양이건사료,ETC
*2개고양이건사료,ETC
개간식,ETC
(PB)개간식,ETC
[세일]개간식,ETC
*2개개간식,ETC
개간식대용량,ETC
개간식특가,ETC
고양이츄어,ETC
(PB)고양이츄어,ETC
[세일]고양이츄어,ETC
*2개고양이츄어,ETC
펫밀크,ETC
(PB)펫밀크,ETC
[세일]펫밀크,ETC
*2개펫밀크,ETC
강아지캔,ETC
(PB)강아지캔,ETC
[세일]강아지캔,ETC
*2개강아지캔,ETC
강아지캔대용량,ETC
강아지캔특가,ETC
고양이간식,ETC
(PB)고양이간식,ETC
[세일]고양이간식,ETC
*2개고양이간식,ETC
반려동물사료,ETC
(PB)반려동물사료,ETC
[세일]반려동물사료,ETC
*2개반려동물사료,ETC
고양이비타민,ETC
(PB)고양이비타민,ETC
[세일]고양이비타민,ETC
*2개고양이비타민,ETC
고양이비타민대용량,ETC
고양이비타민특가,ETC
요플레오렌지주스,BEVERAGE_REFRIGERATED
(PB)요플레오렌지주스,BEVERAGE_REFRIGERATED
[세일]요플레오렌지주스,BEVERAGE_REFRIGERATED
*2개요플레오렌지주스,BEVERAGE_REFRIGERATED
생과일주스,BEVERAGE_REFRIGERATED
(PB)생과일주스,BEVERAGE_REFRIGERATED
[세일]생과일주스,BEVERAGE_REFRIGERATED
*2개생과일주스,BEVERAGE_REFRIGERATED
냉커피,BEVERAGE_REFRIGERATED
(PB)냉커피,BEVERAGE_REFRIGERATED
[세일]냉커피,BEVERAGE_REFRIGERATED
*2개냉커피,BEVERAGE_REFRIGERATED
냉커피대용량,BEVERAGE_REFRIGERATED
냉커피특가,BEVERAGE_REFRIGERATED
두유,BEVERAGE_REFRIGERATED
(PB)두유,BEVERAGE_REFRIGERATED
[세일]두유,BEVERAGE_REFRIGERATED
*2개두유,BEVERAGE_REFRIGERATED
아미노밸런스,BEVERAGE_REFRIGERATED
(PB)아미노밸런스,BEVERAGE_REFRIGERATED
[세일]아미노밸런스,BEVERAGE_REFRIGERATED
*2개아미노밸런스,BEVERAGE_REFRIGERATED
헛개비,BEVERAGE_REFRIGERATED
(PB)헛개비,BEVERAGE_REFRIGERATED
[세일]헛개비,BEVERAGE_REFRIGERATED
*2개헛개비,BEVERAGE_REFRIGERATED
헛개비대용량,BEVERAGE_REFRIGERATED
헛개비특가,BEVERAGE_REFRIGERATED
마시는요거트,BEVERAGE_REFRIGERATED
(PB)마시는요거트,BEVERAGE_REFRIGERATED
[세일]마시는요거트,BEVERAGE_REFRIGERATED
*2개마시는요거트,BEVERAGE_REFRIGERATED
(PB)식혜,BEVERAGE_REFRIGERATED
[세일]식혜,BEVERAGE_REFRIGERATED
*2개식혜,BEVERAGE_REFRIGERATED
(PB)수정과,BEVERAGE_REFRIGERATED
[세일]수정과,BEVERAGE_REFRIGERATED
*2개수정과,BEVERAGE_REFRIGERATED
수정과대용량,BEVERAGE_REFRIGERATED
수정과특가,BEVERAGE_REFRIGERATED
야쿠르트,BEVERAGE_REFRIGERATED
(PB)야쿠르트,BEVERAGE_REFRIGERATED
[세일]야쿠르트,BEVERAGE_REFRIGERATED
*2개야쿠르트,BEVERAGE_REFRIGERATED
도시락김치찌개,READY_MEALS_REFRIGERATED
(PB)도시락김치찌개,READY_MEALS_REFRIGERATED
[세일]도시락김치찌개,READY_MEALS_REFRIGERATED
*2개도시락김치찌개,READY_MEALS_REFRIGERATED
부대찌개,READY_MEALS_REFRIGERATED
(PB)부대찌개,READY_MEALS_REFRIGERATED
[세일]부대찌개,READY_MEALS_REFRIGERATED
*2개부대찌개,READY_MEALS_REFRIGERATED
부대찌개대용량,READY_MEALS_REFRIGERATED
부대찌개특가,READY_MEALS_REFRIGERATED
샐러드도시락,READY_MEALS_REFRIGERATED
(PB)샐러드도시락,READY_MEALS_REFRIGERATED
[세일]샐러드도시락,READY_MEALS_REFRIGERATED
*2개샐러드도시락,READY_MEALS_REFRIGERATED
김치볶음밥,READY_MEALS_REFRIGERATED
(PB)김치볶음밥,READY_MEALS_REFRIGERATED
[세일]김치볶음밥,READY_MEALS_REFRIGERATED
*2개김치볶음밥,READY_MEALS_REFRIGERATED
제육볶음,READY_MEALS_REFRIGERATED
(PB)제육볶음,READY_MEALS_REFRIGERATED
[세일]제육볶음,READY_MEALS_REFRIGERATED
*2개제육볶음,READY_MEALS_REFRIGERATED
제육볶음대용량,READY_MEALS_REFRIGERATED
제육볶음특가,READY_MEALS_REFRIGERATED
비빔밥도시락,READY_MEALS_REFRIGERATED
(PB)비빔밥도시락,READY_MEALS_REFRIGERATED
[세일]비빔밥도시락,READY_MEALS_REFRIGERATED
*2개비빔밥도시락,READY_MEALS_REFRIGERATED
된장찌개도시락,READY_MEALS_REFRIGERATED
(PB)된장찌개도시락,READY_MEALS_REFRIGERATED
[세일]된장찌개도시락,READY_MEALS_REFRIGERATED
*2개된장찌개도시락,READY_MEALS_REFRIGERATED
순두부찌개,READY_MEALS_REFRIGERATED
(PB)순두부찌개,READY_MEALS_REFRIGERATED
[세일]순두부찌개,READY_MEALS_REFRIGERATED
*2개순두부찌개,READY_MEALS_REFRIGERATED
순두부찌개대용량,READY_MEALS_REFRIGERATED
순두부찌개특가,READY_MEALS_REFRIGERATED
카레도시락,READY_MEALS_REFRIGERATED
(PB)카레도시락,READY_MEALS_REFRIGERATED
[세일]카레도시락,READY_MEALS_REFRIGERATED
*2개카레도시락,READY_MEALS_REFRIGERATED
냉면도시락,READY_MEALS_REFRIGERATED
(PB)냉면도시락,READY_MEALS_REFRIGERATED
[세일]냉면도시락,READY_MEALS_REFRIGERATED
*2개냉면도시락,READY_MEALS_REFRIGERATED
다시마,DRY_SEAWEED
(PB)다시마,DRY_SEAWEED
[세일]다시마,DRY_SEAWEED
*2개다시마,DRY_SEAWEED
다시마대용량,DRY_SEAWEED
다시마특가,DRY_SEAWEED
미역,DRY_SEAWEED
(PB)미역,DRY_SEAWEED
[세일]미역,DRY_SEAWEED
*2개미역,DRY_SEAWEED
김,DRY_SEAWEED
(PB)김,DRY_SEAWEED
[세일]김,DRY_SEAWEED
*2개김,DRY_SEAWEED
파래,DRY_SEAWEED
(PB)파래,DRY_SEAWEED
[세일]파래,DRY_SEAWEED
*2개파래,DRY_SEAWEED
파래대용량,DRY_SEAWEED
파래특가,DRY_SEAWEED
톳,DRY_SEAWEED
(PB)톳,DRY_SEAWEED
[세일]톳,DRY_SEAWEED
*2개톳,DRY_SEAWEED
다시마국물,DRY_SEAWEED
(PB)다시마국물,DRY_SEAWEED
[세일]다시마국물,DRY_SEAWEED
*2개다시마국물,DRY_SEAWEED
무미역,DRY_SEAWEED
(PB)무미역,DRY_SEAWEED
[세일]무미역,DRY_SEAWEED
*2개무미역,DRY_SEAWEED
무미역대용량,DRY_SEAWEED
무미역특가,DRY_SEAWEED
참김,DRY_SEAWEED
(PB)참김,DRY_SEAWEED
[세일]참김,DRY_SEAWEED
*2개참김,DRY_SEAWEED
조미김,DRY_SEAWEED
(PB)조미김,DRY_SEAWEED
[세일]조미김,DRY_SEAWEED
*2개조미김,DRY_SEAWEED
김자반,DRY_SEAWEED
(PB)김자반,DRY_SEAWEED
[세일]김자반,DRY_SEAWEED
*2개김자반,DRY_SEAWEED
김자반대용량,DRY_SEAWEED
김자반특가,DRY_SEAWEED
(PB)새우,SHELLFISH
[세일]새우,SHELLFISH
*2개새우,SHELLFISH
새우대용량,SHELLFISH
새우특가,SHELLFISH
랍스터,SHELLFISH
(PB)랍스터,SHELLFISH
[세일]랍스터,SHELLFISH
*2개랍스터,SHELLFISH
가재,SHELLFISH
(PB)가재,SHELLFISH
[세일]가재,SHELLFISH
*2개가재,SHELLFISH
(PB)게,SHELLFISH
[세일]게,SHELLFISH
*2개게,SHELLFISH
게특가,SHELLFISH
(PB)대게,SHELLFISH
[세일]대게,SHELLFISH
*2개대게,SHELLFISH
(PB)킹크랩,SHELLFISH
[세일]킹크랩,SHELLFISH
*2개킹크랩,SHELLFISH
(PB)꽃게,SHELLFISH
[세일]꽃게,SHELLFISH
*2개꽃게,SHELLFISH
꽃게대용량,SHELLFISH
꽃게특가,SHELLFISH
(PB)참게,SHELLFISH
[세일]참게,SHELLFISH
*2개참게,SHELLFISH
청게,SHELLFISH
(PB)청게,SHELLFISH
[세일]청게,SHELLFISH
*2개청게,SHELLFISH
암코디언랍스터,SHELLFISH
(PB)암코디언랍스터,SHELLFISH
[세일]암코디언랍스터,SHELLFISH
*2개암코디언랍스터,SHELLFISH
암코디언랍스터대용량,SHELLFISH
암코디언랍스터특가,SHELLFISH
(PB)바나나,TROPICAL_FRUIT
[세일]바나나,TROPICAL_FRUIT
*2개바나나,TROPICAL_FRUIT
(PB)망고,TROPICAL_FRUIT
[세일]망고,TROPICAL_FRUIT
*2개망고,TROPICAL_FRUIT
(PB)파인애플,TROPICAL_FRUIT
[세일]파인애플,TROPICAL_FRUIT
*2개파인애플,TROPICAL_FRUIT
파인애플대용량,TROPICAL_FRUIT
파인애플특가,TROPICAL_FRUIT
(PB)키위,TROPICAL_FRUIT
[세일]키위,TROPICAL_FRUIT
*2개키위,TROPICAL_FRUIT
(PB)용과,TROPICAL_FRUIT
[세일]용과,TROPICAL_FRUIT
*2개용과,TROPICAL_FRUIT
파파야,TROPICAL_FRUIT
(PB)파파야,TROPICAL_FRUIT
[세일]파파야,TROPICAL_FRUIT
*2개파파야,TROPICAL_FRUIT
파파야대용량,TROPICAL_FRUIT
파파야특가,TROPICAL_FRUIT
구아바,TROPICAL_FRUIT
(PB)구아바,TROPICAL_FRUIT
[세일]구아바,TROPICAL_FRUIT
*2개구아바,TROPICAL_FRUIT
코코넛,TROPICAL_FRUIT
(PB)코코넛,TROPICAL_FRUIT
[세일]코코넛,TROPICAL_FRUIT
*2개코코넛,TROPICAL_FRUIT
두리안,TROPICAL_FRUIT
(PB)두리안,TROPICAL_FRUIT
[세일]두리안,TROPICAL_FRUIT
*2개두리안,TROPICAL_FRUIT
두리안대용량,TROPICAL_FRUIT
두리안특가,TROPICAL_FRUIT
리치,TROPICAL_FRUIT
(PB)리치,TROPICAL_FRUIT
[세일]리치,TROPICAL_FRUIT
*2개리치,TROPICAL_FRUIT
생미역,FRESH_SEAWEED
(PB)생미역,FRESH_SEAWEED
[세일]생미역,FRESH_SEAWEED
*2개생미역,FRESH_SEAWEED
생다시마,FRESH_SEAWEED
(PB)생다시마,FRESH_SEAWEED
[세일]생다시마,FRESH_SEAWEED
*2개생다시마,FRESH_SEAWEED
생다시마대용량,FRESH_SEAWEED
생다시마특가,FRESH_SEAWEED
생김,FRESH_SEAWEED
(PB)생김,FRESH_SEAWEED
[세일]생김,FRESH_SEAWEED
*2개생김,FRESH_SEAWEED
생파래,FRESH_SEAWEED
(PB)생파래,FRESH_SEAWEED
[세일]생파래,FRESH_SEAWEED
*2개생파래,FRESH_SEAWEED
생톳,FRESH_SEAWEED
(PB)생톳,FRESH_SEAWEED
[세일]생톳,FRESH_SEAWEED
*2개생톳,FRESH_SEAWEED
생톳대용량,FRESH_SEAWEED
생톳특가,FRESH_SEAWEED
해조류샐러드,FRESH_SEAWEED
(PB)해조류샐러드,FRESH_SEAWEED
[세일]해조류샐러드,FRESH_SEAWEED
*2개해조류샐러드,FRESH_SEAWEED
미역냉국,FRESH_SEAWEED
(PB)미역냉국,FRESH_SEAWEED
[세일]미역냉국,FRESH_SEAWEED
*2개미역냉국,FRESH_SEAWEED
다시마무침,FRESH_SEAWEED
(PB)다시마무침,FRESH_SEAWEED
[세일]다시마무침,FRESH_SEAWEED
*2개다시마무침,FRESH_SEAWEED
다시마무침대용량,FRESH_SEAWEED
다시마무침특가,FRESH_SEAWEED
김쌈,FRESH_SEAWEED
(PB)김쌈,FRESH_SEAWEED
[세일]김쌈,FRESH_SEAWEED
*2개김쌈,FRESH_SEAWEED
톳나물,FRESH_SEAWEED
(PB)톳나물,FRESH_SEAWEED
[세일]톳나물,FRESH_SEAWEED
*2개톳나물,FRESH_SEAWEED
